[{"model": "contenttypes.contenttype", "pk": 1, "fields": {"model": "logentry", "app_label": "admin"}}, {"model": "contenttypes.contenttype", "pk": 2, "fields": {"model": "permission", "app_label": "auth"}}, {"model": "contenttypes.contenttype", "pk": 3, "fields": {"model": "group", "app_label": "auth"}}, {"model": "contenttypes.contenttype", "pk": 4, "fields": {"model": "user", "app_label": "auth"}}, {"model": "contenttypes.contenttype", "pk": 5, "fields": {"model": "contenttype", "app_label": "contenttypes"}}, {"model": "contenttypes.contenttype", "pk": 6, "fields": {"model": "session", "app_label": "sessions"}}, {"model": "contenttypes.contenttype", "pk": 7, "fields": {"model": "pulpouser", "app_label": "pulpo_example"}}, {"model": "contenttypes.contenttype", "pk": 8, "fields": {"model": "country", "app_label": "pulpo_example"}}, {"model": "contenttypes.contenttype", "pk": 9, "fields": {"model": "club", "app_label": "pulpo_example"}}, {"model": "contenttypes.contenttype", "pk": 10, "fields": {"model": "form", "app_label": "pulpo_forms"}}, {"model": "contenttypes.contenttype", "pk": 11, "fields": {"model": "version", "app_label": "pulpo_forms"}}, {"model": "contenttypes.contenttype", "pk": 12, "fields": {"model": "formentry", "app_label": "pulpo_forms"}}, {"model": "contenttypes.contenttype", "pk": 13, "fields": {"model": "fieldentry", "app_label": "pulpo_forms"}}, {"model": "contenttypes.contenttype", "pk": 14, "fields": {"model": "fileentry", "app_label": "pulpo_forms"}}, {"model": "sessions.session", "pk": "7bkczl4ujfcxbrc5xee1216wixke0bcf", "fields": {"expire_date": "2015-06-05T14:54:25.282Z", "session_data": "OTNkYTA1ZDU5Mjc0ZTYxNWU5ZTk4N2E0MjlmMDY3NmE4Mjk4MDllZTp7Il9hdXRoX3VzZXJfaGFzaCI6ImUzNjQxZmM1M2UwMDU5MzczODNkNDk3ZGJiN2EzYTNjOGQxNTdiMTkiLCJfYXV0aF91c2VyX2lkIjoiMSIsIl9hdXRoX3VzZXJfYmFja2VuZCI6ImRqYW5nby5jb250cmliLmF1dGguYmFja2VuZHMuTW9kZWxCYWNrZW5kIn0="}}, {"model": "sessions.session", "pk": "kswgsy0sh9pmfkxhih7fuayo4xzxkzhr", "fields": {"expire_date": "2015-06-05T17:57:10.367Z", "session_data": "NjBkZDhjMWJkNzNlNjEwNzg3NDQ5NDQzOWNlYmU5YTE4OTI3YjcxMjp7Il9hdXRoX3VzZXJfaGFzaCI6ImUzNjQxZmM1M2UwMDU5MzczODNkNDk3ZGJiN2EzYTNjOGQxNTdiMTkiLCJfYXV0aF91c2VyX2JhY2tlbmQiOiJkamFuZ28uY29udHJpYi5hdXRoLmJhY2tlbmRzLk1vZGVsQmFja2VuZCIsIl9hdXRoX3VzZXJfaWQiOiIxIn0="}}, {"model": "sessions.session", "pk": "s5hg6cfwnrf65k1l9op39a67m8hk5z4z", "fields": {"expire_date": "2015-06-05T16:37:06.382Z", "session_data": "ZTZkNWFjMjYwYWE4ZWY4NGZlZWI2N2E5YjA1MzJjZmU3ZjBjNmQzYTp7Il9hdXRoX3VzZXJfaWQiOiIxIiwiX2F1dGhfdXNlcl9iYWNrZW5kIjoiZGphbmdvLmNvbnRyaWIuYXV0aC5iYWNrZW5kcy5Nb2RlbEJhY2tlbmQiLCJfYXV0aF91c2VyX2hhc2giOiJlMzY0MWZjNTNlMDA1OTM3MzgzZDQ5N2RiYjdhM2EzYzhkMTU3YjE5In0="}}, {"model": "pulpo_example.pulpouser", "pk": 3, "fields": {"has_car": false, "last_name": "Octopus", "birthdate": "1998-05-28", "name": "Kaurna"}}, {"model": "pulpo_example.pulpouser", "pk": 4, "fields": {"has_car": false, "last_name": "Octopus", "birthdate": "1988-02-27", "name": "Joubini"}}, {"model": "pulpo_example.pulpouser", "pk": 5, "fields": {"has_car": false, "last_name": "Octopus", "birthdate": "1991-02-27", "name": "Mimus"}}, {"model": "pulpo_example.pulpouser", "pk": 6, "fields": {"has_car": false, "last_name": "Octopus", "birthdate": "1995-11-14", "name": "Oliveri"}}, {"model": "pulpo_example.pulpouser", "pk": 7, "fields": {"has_car": true, "last_name": "Octopus", "birthdate": "1985-08-25", "name": "Cyanea"}}, {"model": "pulpo_example.country", "pk": 1, "fields": {"name": "Belarus"}}, {"model": "pulpo_example.country", "pk": 2, "fields": {"name": "Belgium"}}, {"model": "pulpo_example.country", "pk": 3, "fields": {"name": "Bulgaria"}}, {"model": "pulpo_example.country", "pk": 4, "fields": {"name": "Cyprus"}}, {"model": "pulpo_example.country", "pk": 5, "fields": {"name": "England"}}, {"model": "pulpo_example.country", "pk": 6, "fields": {"name": "France"}}, {"model": "pulpo_example.country", "pk": 7, "fields": {"name": "Germany"}}, {"model": "pulpo_example.country", "pk": 8, "fields": {"name": "Greece"}}, {"model": "pulpo_example.country", "pk": 9, "fields": {"name": "Italy"}}, {"model": "pulpo_example.country", "pk": 10, "fields": {"name": "Netherlands"}}, {"model": "pulpo_example.country", "pk": 11, "fields": {"name": "Portugal"}}, {"model": "pulpo_example.country", "pk": 12, "fields": {"name": "Russia"}}, {"model": "pulpo_example.country", "pk": 13, "fields": {"name": "Slovenia"}}, {"model": "pulpo_example.country", "pk": 14, "fields": {"name": "Spain"}}, {"model": "pulpo_example.country", "pk": 15, "fields": {"name": "Sweden"}}, {"model": "pulpo_example.country", "pk": 16, "fields": {"name": "Switzerland"}}, {"model": "pulpo_example.country", "pk": 17, "fields": {"name": "Turkey"}}, {"model": "pulpo_example.country", "pk": 18, "fields": {"name": "Ukraine"}}, {"model": "pulpo_example.club", "pk": 1, "fields": {"established": "1900-03-18", "country": 10, "name": "Ajax"}}, {"model": "pulpo_example.club", "pk": 2, "fields": {"established": "1907-05-27", "country": 2, "name": "Anderlecht"}}, {"model": "pulpo_example.club", "pk": 3, "fields": {"established": "1926-11-08", "country": 4, "name": "APOEL"}}, {"model": "pulpo_example.club", "pk": 4, "fields": {"established": "1886-01-01", "country": 5, "name": "Arsenal"}}, {"model": "pulpo_example.club", "pk": 5, "fields": {"established": "1898-01-01", "country": 14, "name": "Athletic Bilbao"}}, {"model": "pulpo_example.club", "pk": 6, "fields": {"established": "1903-04-26", "country": 14, "name": "Atletico Madrid"}}, {"model": "pulpo_example.club", "pk": 7, "fields": {"established": "1899-11-29", "country": 14, "name": "Barcelona"}}, {"model": "pulpo_example.club", "pk": 8, "fields": {"established": "1893-11-15", "country": 16, "name": "Basel"}}, {"model": "pulpo_example.club", "pk": 9, "fields": {"established": "1996-04-12", "country": 1, "name": "BATE Borisov"}}, {"model": "pulpo_example.club", "pk": 10, "fields": {"established": "1904-07-01", "country": 7, "name": "Bayer Leverkusen"}}, {"model": "pulpo_example.club", "pk": 11, "fields": {"established": "1904-02-27", "country": 7, "name": "Bayern Munich"}}, {"model": "pulpo_example.club", "pk": 12, "fields": {"established": "1904-02-28", "country": 11, "name": "Benfica"}}, {"model": "pulpo_example.club", "pk": 13, "fields": {"established": "1909-12-19", "country": 7, "name": "Borussia Dortmund"}}, {"model": "pulpo_example.club", "pk": 14, "fields": {"established": "1905-03-10", "country": 5, "name": "Chelsea"}}, {"model": "pulpo_example.club", "pk": 15, "fields": {"established": "1911-08-27", "country": 12, "name": "CSKA Moscow"}}, {"model": "pulpo_example.club", "pk": 16, "fields": {"established": "1905-10-30", "country": 17, "name": "Galatasaray"}}, {"model": "pulpo_example.club", "pk": 17, "fields": {"established": "1897-11-01", "country": 9, "name": "Juventus"}}, {"model": "pulpo_example.club", "pk": 18, "fields": {"established": "1892-06-03", "country": 5, "name": "Liverpool"}}, {"model": "pulpo_example.club", "pk": 19, "fields": {"established": "1945-05-17", "country": 3, "name": "Ludogorets Razgrad"}}, {"model": "pulpo_example.club", "pk": 20, "fields": {"established": "1910-02-24", "country": 15, "name": "Malmo FF"}}, {"model": "pulpo_example.club", "pk": 21, "fields": {"established": "1880-01-01", "country": 5, "name": "Manchester City"}}, {"model": "pulpo_example.club", "pk": 22, "fields": {"established": "1960-12-12", "country": 13, "name": "Maribor"}}, {"model": "pulpo_example.club", "pk": 23, "fields": {"established": "1924-08-01", "country": 6, "name": "Monaco"}}, {"model": "pulpo_example.club", "pk": 24, "fields": {"established": "1925-03-10", "country": 8, "name": "Olympiacos"}}, {"model": "pulpo_example.club", "pk": 25, "fields": {"established": "1970-08-12", "country": 6, "name": "Paris Saint-Germain"}}, {"model": "pulpo_example.club", "pk": 26, "fields": {"established": "1893-09-28", "country": 11, "name": "Porto"}}, {"model": "pulpo_example.club", "pk": 27, "fields": {"established": "1902-03-06", "country": 14, "name": "Real Madrid"}}, {"model": "pulpo_example.club", "pk": 28, "fields": {"established": "1927-07-22", "country": 9, "name": "Roma"}}, {"model": "pulpo_example.club", "pk": 29, "fields": {"established": "1904-05-04", "country": 7, "name": "Schalke 04"}}, {"model": "pulpo_example.club", "pk": 30, "fields": {"established": "1936-05-24", "country": 18, "name": "Shakhtar Donetsk"}}, {"model": "pulpo_example.club", "pk": 31, "fields": {"established": "1906-07-01", "country": 11, "name": "Sporting CP"}}, {"model": "pulpo_example.club", "pk": 32, "fields": {"established": "1925-05-30", "country": 12, "name": "Zenit Saint Petersburg"}}, {"model": "pulpo_forms.version", "pk": 1, "fields": {"captcha": false, "json": "{\"pages\":[{\"fields\":[{\"field_id\":3,\"field_type\":\"NumberField\",\"text\":\"How old are you?\",\"answer\":[],\"validations\":{\"min_number\":10,\"max_number\":100},\"required\":true,\"tooltip\":\"\",\"dependencies\":{\"fields\":[],\"pages\":[]}},{\"field_id\":1,\"field_type\":\"PulpoUserField\",\"text\":\"What's your favorite octopus?\",\"answer\":[],\"validations\":{},\"required\":true,\"tooltip\":\"\",\"dependencies\":{\"fields\":[],\"pages\":[]},\"options\":[],\"max_id\":0},{\"field_id\":2,\"field_type\":\"ClubField\",\"text\":\"Who do you think will win this year's Champions League?\",\"answer\":[],\"validations\":{},\"required\":true,\"tooltip\":\"\",\"dependencies\":{\"fields\":[],\"pages\":[]},\"options\":[],\"max_id\":0}],\"subTitle\":\"Only page\"}],\"logic\":{\"fields\":{},\"pages\":{}},\"after_submit\":{\"sendMail\":false,\"mailSubject\":\"\",\"mailText\":\"\",\"mailSender\":\"\",\"mailRecipient\":\"\",\"action\":\"Show Message\",\"message\":\"Thank you. You successfully filled the form!\",\"redirect\":\"http://\"}}", "publish_date": "2015-05-22T17:38:45.762Z", "number": 1, "status": 1, "form": 1, "expiry_date": null}}, {"model": "pulpo_forms.version", "pk": 3, "fields": {"captcha": false, "json": "{\"pages\":[{\"fields\":[{\"field_id\":1,\"field_type\":\"NumberField\",\"text\":\"How old are you?\",\"answer\":[],\"validations\":{\"min_number\":10,\"max_number\":100},\"required\":false,\"tooltip\":\"\",\"dependencies\":{\"fields\":[],\"pages\":[]}},{\"field_id\":2,\"field_type\":\"CheckboxField\",\"text\":\"Which colors do you like?\",\"answer\":[],\"validations\":{},\"required\":false,\"tooltip\":\"\",\"dependencies\":{\"fields\":[],\"pages\":[]},\"options\":[{\"label\":\"Red\",\"id\":1},{\"label\":\"Green\",\"id\":2},{\"label\":\"Blue\",\"id\":3},{\"label\":\"Yellow\",\"id\":4},{\"label\":\"Violet\",\"id\":5}],\"max_id\":5},{\"field_id\":3,\"field_type\":\"SelectField\",\"text\":\"Are you male or female?\",\"answer\":[],\"validations\":{},\"required\":false,\"tooltip\":\"\",\"dependencies\":{\"fields\":[],\"pages\":[]},\"options\":[{\"label\":\"Male\",\"id\":1},{\"label\":\"Female\",\"id\":2}],\"max_id\":2}],\"subTitle\":\"\"}],\"logic\":{\"fields\":{},\"pages\":{}},\"after_submit\":{\"sendMail\":false,\"mailSubject\":\"\",\"mailText\":\"\",\"mailSender\":\"\",\"mailRecipient\":\"\",\"action\":\"Show Message\",\"message\":\"Thank you. You successfully filled the form!\",\"redirect\":\"http://\"}}", "publish_date": "2015-05-22T17:59:10.794Z", "number": 1, "status": 1, "form": 3, "expiry_date": null}}, {"model": "pulpo_forms.formentry", "pk": 1, "fields": {"entry_time": "2015-05-22T17:51:56.717Z", "version": 1}}, {"model": "pulpo_forms.formentry", "pk": 2, "fields": {"entry_time": "2015-05-22T17:59:22.344Z", "version": 3}}, {"model": "pulpo_forms.formentry", "pk": 3, "fields": {"entry_time": "2015-05-22T17:59:41.046Z", "version": 3}}, {"model": "pulpo_forms.formentry", "pk": 4, "fields": {"entry_time": "2015-05-22T17:59:50.792Z", "version": 3}}, {"model": "pulpo_forms.formentry", "pk": 5, "fields": {"entry_time": "2015-05-22T18:00:07.414Z", "version": 3}}, {"model": "pulpo_forms.formentry", "pk": 6, "fields": {"entry_time": "2015-05-22T18:00:59.895Z", "version": 3}}, {"model": "pulpo_forms.formentry", "pk": 7, "fields": {"entry_time": "2015-05-22T18:01:18.134Z", "version": 3}}, {"model": "pulpo_forms.formentry", "pk": 8, "fields": {"entry_time": "2015-05-22T18:01:25.607Z", "version": 3}}, {"model": "pulpo_forms.formentry", "pk": 9, "fields": {"entry_time": "2015-05-22T18:01:57.290Z", "version": 3}}, {"model": "pulpo_forms.formentry", "pk": 10, "fields": {"entry_time": "2015-05-22T18:02:10.537Z", "version": 3}}, {"model": "pulpo_forms.formentry", "pk": 11, "fields": {"entry_time": "2015-05-22T18:03:12.001Z", "version": 3}}, {"model": "pulpo_forms.formentry", "pk": 12, "fields": {"entry_time": "2015-05-22T18:03:18.287Z", "version": 3}}, {"model": "pulpo_forms.fieldentry", "pk": 1, "fields": {"field_id": 3, "answer": "23", "field_type": "NumberField", "text": "How old are you?", "entry": 1, "shown": true, "required": true}}, {"model": "pulpo_forms.fieldentry", "pk": 2, "fields": {"field_id": 1, "answer": "5", "field_type": "PulpoUserField", "text": "What's your favorite octopus?", "entry": 1, "shown": true, "required": true}}, {"model": "pulpo_forms.fieldentry", "pk": 3, "fields": {"field_id": 2, "answer": "11", "field_type": "ClubField", "text": "Who do you think will win this year's Champions League?", "entry": 1, "shown": true, "required": true}}, {"model": "pulpo_forms.fieldentry", "pk": 4, "fields": {"field_id": 1, "answer": "23", "field_type": "NumberField", "text": "How old are you?", "entry": 2, "shown": true, "required": false}}, {"model": "pulpo_forms.fieldentry", "pk": 5, "fields": {"field_id": 2, "answer": "5#1#3", "field_type": "CheckboxField", "text": "Which colors do you like?", "entry": 2, "shown": true, "required": false}}, {"model": "pulpo_forms.fieldentry", "pk": 6, "fields": {"field_id": 3, "answer": "2", "field_type": "SelectField", "text": "Are you male or female?", "entry": 2, "shown": true, "required": false}}, {"model": "pulpo_forms.fieldentry", "pk": 7, "fields": {"field_id": 1, "answer": "28", "field_type": "NumberField", "text": "How old are you?", "entry": 3, "shown": true, "required": false}}, {"model": "pulpo_forms.fieldentry", "pk": 8, "fields": {"field_id": 2, "answer": "2#4", "field_type": "CheckboxField", "text": "Which colors do you like?", "entry": 3, "shown": true, "required": false}}, {"model": "pulpo_forms.fieldentry", "pk": 9, "fields": {"field_id": 3, "answer": "1", "field_type": "SelectField", "text": "Are you male or female?", "entry": 3, "shown": true, "required": false}}, {"model": "pulpo_forms.fieldentry", "pk": 10, "fields": {"field_id": 1, "answer": "41", "field_type": "NumberField", "text": "How old are you?", "entry": 4, "shown": true, "required": false}}, {"model": "pulpo_forms.fieldentry", "pk": 11, "fields": {"field_id": 2, "answer": "2", "field_type": "CheckboxField", "text": "Which colors do you like?", "entry": 4, "shown": true, "required": false}}, {"model": "pulpo_forms.fieldentry", "pk": 12, "fields": {"field_id": 3, "answer": "2", "field_type": "SelectField", "text": "Are you male or female?", "entry": 4, "shown": true, "required": false}}, {"model": "pulpo_forms.fieldentry", "pk": 13, "fields": {"field_id": 1, "answer": "32", "field_type": "NumberField", "text": "How old are you?", "entry": 5, "shown": true, "required": false}}, {"model": "pulpo_forms.fieldentry", "pk": 14, "fields": {"field_id": 2, "answer": "3#5", "field_type": "CheckboxField", "text": "Which colors do you like?", "entry": 5, "shown": true, "required": false}}, {"model": "pulpo_forms.fieldentry", "pk": 15, "fields": {"field_id": 3, "answer": "1", "field_type": "SelectField", "text": "Are you male or female?", "entry": 5, "shown": true, "required": false}}, {"model": "pulpo_forms.fieldentry", "pk": 16, "fields": {"field_id": 1, "answer": "38", "field_type": "NumberField", "text": "How old are you?", "entry": 6, "shown": true, "required": false}}, {"model": "pulpo_forms.fieldentry", "pk": 17, "fields": {"field_id": 2, "answer": "2#3", "field_type": "CheckboxField", "text": "Which colors do you like?", "entry": 6, "shown": true, "required": false}}, {"model": "pulpo_forms.fieldentry", "pk": 18, "fields": {"field_id": 3, "answer": "1", "field_type": "SelectField", "text": "Are you male or female?", "entry": 6, "shown": true, "required": false}}, {"model": "pulpo_forms.fieldentry", "pk": 19, "fields": {"field_id": 1, "answer": "27", "field_type": "NumberField", "text": "How old are you?", "entry": 7, "shown": true, "required": false}}, {"model": "pulpo_forms.fieldentry", "pk": 20, "fields": {"field_id": 2, "answer": "5#3#1", "field_type": "CheckboxField", "text": "Which colors do you like?", "entry": 7, "shown": true, "required": false}}, {"model": "pulpo_forms.fieldentry", "pk": 21, "fields": {"field_id": 3, "answer": "2", "field_type": "SelectField", "text": "Are you male or female?", "entry": 7, "shown": true, "required": false}}, {"model": "pulpo_forms.fieldentry", "pk": 22, "fields": {"field_id": 1, "answer": "52", "field_type": "NumberField", "text": "How old are you?", "entry": 8, "shown": true, "required": false}}, {"model": "pulpo_forms.fieldentry", "pk": 23, "fields": {"field_id": 2, "answer": "2#1", "field_type": "CheckboxField", "text": "Which colors do you like?", "entry": 8, "shown": true, "required": false}}, {"model": "pulpo_forms.fieldentry", "pk": 24, "fields": {"field_id": 3, "answer": "1", "field_type": "SelectField", "text": "Are you male or female?", "entry": 8, "shown": true, "required": false}}, {"model": "pulpo_forms.fieldentry", "pk": 25, "fields": {"field_id": 1, "answer": "18", "field_type": "NumberField", "text": "How old are you?", "entry": 9, "shown": true, "required": false}}, {"model": "pulpo_forms.fieldentry", "pk": 26, "fields": {"field_id": 2, "answer": "3", "field_type": "CheckboxField", "text": "Which colors do you like?", "entry": 9, "shown": true, "required": false}}, {"model": "pulpo_forms.fieldentry", "pk": 27, "fields": {"field_id": 3, "answer": "1", "field_type": "SelectField", "text": "Are you male or female?", "entry": 9, "shown": true, "required": false}}, {"model": "pulpo_forms.fieldentry", "pk": 28, "fields": {"field_id": 1, "answer": "39", "field_type": "NumberField", "text": "How old are you?", "entry": 10, "shown": true, "required": false}}, {"model": "pulpo_forms.fieldentry", "pk": 29, "fields": {"field_id": 2, "answer": "2#1#5", "field_type": "CheckboxField", "text": "Which colors do you like?", "entry": 10, "shown": true, "required": false}}, {"model": "pulpo_forms.fieldentry", "pk": 30, "fields": {"field_id": 3, "answer": "1", "field_type": "SelectField", "text": "Are you male or female?", "entry": 10, "shown": true, "required": false}}, {"model": "pulpo_forms.fieldentry", "pk": 31, "fields": {"field_id": 1, "answer": "46", "field_type": "NumberField", "text": "How old are you?", "entry": 11, "shown": true, "required": false}}, {"model": "pulpo_forms.fieldentry", "pk": 32, "fields": {"field_id": 2, "answer": "5", "field_type": "CheckboxField", "text": "Which colors do you like?", "entry": 11, "shown": true, "required": false}}, {"model": "pulpo_forms.fieldentry", "pk": 33, "fields": {"field_id": 3, "answer": "2", "field_type": "SelectField", "text": "Are you male or female?", "entry": 11, "shown": true, "required": false}}, {"model": "pulpo_forms.fieldentry", "pk": 34, "fields": {"field_id": 1, "answer": "50", "field_type": "NumberField", "text": "How old are you?", "entry": 12, "shown": true, "required": false}}, {"model": "pulpo_forms.fieldentry", "pk": 35, "fields": {"field_id": 2, "answer": "2", "field_type": "CheckboxField", "text": "Which colors do you like?", "entry": 12, "shown": true, "required": false}}, {"model": "pulpo_forms.fieldentry", "pk": 36, "fields": {"field_id": 3, "answer": "1", "field_type": "SelectField", "text": "Are you male or female?", "entry": 12, "shown": true, "required": false}}, {"model": "auth.permission", "pk": 1, "fields": {"content_type": 1, "codename": "add_logentry", "name": "Can add log entry"}}, {"model": "auth.permission", "pk": 2, "fields": {"content_type": 1, "codename": "change_logentry", "name": "Can change log entry"}}, {"model": "auth.permission", "pk": 3, "fields": {"content_type": 1, "codename": "delete_logentry", "name": "Can delete log entry"}}, {"model": "auth.permission", "pk": 4, "fields": {"content_type": 2, "codename": "add_permission", "name": "Can add permission"}}, {"model": "auth.permission", "pk": 5, "fields": {"content_type": 2, "codename": "change_permission", "name": "Can change permission"}}, {"model": "auth.permission", "pk": 6, "fields": {"content_type": 2, "codename": "delete_permission", "name": "Can delete permission"}}, {"model": "auth.permission", "pk": 7, "fields": {"content_type": 3, "codename": "add_group", "name": "Can add group"}}, {"model": "auth.permission", "pk": 8, "fields": {"content_type": 3, "codename": "change_group", "name": "Can change group"}}, {"model": "auth.permission", "pk": 9, "fields": {"content_type": 3, "codename": "delete_group", "name": "Can delete group"}}, {"model": "auth.permission", "pk": 10, "fields": {"content_type": 4, "codename": "add_user", "name": "Can add user"}}, {"model": "auth.permission", "pk": 11, "fields": {"content_type": 4, "codename": "change_user", "name": "Can change user"}}, {"model": "auth.permission", "pk": 12, "fields": {"content_type": 4, "codename": "delete_user", "name": "Can delete user"}}, {"model": "auth.permission", "pk": 13, "fields": {"content_type": 5, "codename": "add_contenttype", "name": "Can add content type"}}, {"model": "auth.permission", "pk": 14, "fields": {"content_type": 5, "codename": "change_contenttype", "name": "Can change content type"}}, {"model": "auth.permission", "pk": 15, "fields": {"content_type": 5, "codename": "delete_contenttype", "name": "Can delete content type"}}, {"model": "auth.permission", "pk": 16, "fields": {"content_type": 6, "codename": "add_session", "name": "Can add session"}}, {"model": "auth.permission", "pk": 17, "fields": {"content_type": 6, "codename": "change_session", "name": "Can change session"}}, {"model": "auth.permission", "pk": 18, "fields": {"content_type": 6, "codename": "delete_session", "name": "Can delete session"}}, {"model": "auth.permission", "pk": 19, "fields": {"content_type": 7, "codename": "add_pulpouser", "name": "Can add pulpo user"}}, {"model": "auth.permission", "pk": 20, "fields": {"content_type": 7, "codename": "change_pulpouser", "name": "Can change pulpo user"}}, {"model": "auth.permission", "pk": 21, "fields": {"content_type": 7, "codename": "delete_pulpouser", "name": "Can delete pulpo user"}}, {"model": "auth.permission", "pk": 22, "fields": {"content_type": 8, "codename": "add_country", "name": "Can add country"}}, {"model": "auth.permission", "pk": 23, "fields": {"content_type": 8, "codename": "change_country", "name": "Can change country"}}, {"model": "auth.permission", "pk": 24, "fields": {"content_type": 8, "codename": "delete_country", "name": "Can delete country"}}, {"model": "auth.permission", "pk": 25, "fields": {"content_type": 9, "codename": "add_club", "name": "Can add club"}}, {"model": "auth.permission", "pk": 26, "fields": {"content_type": 9, "codename": "change_club", "name": "Can change club"}}, {"model": "auth.permission", "pk": 27, "fields": {"content_type": 9, "codename": "delete_club", "name": "Can delete club"}}, {"model": "auth.permission", "pk": 28, "fields": {"content_type": 10, "codename": "add_form", "name": "Can add form"}}, {"model": "auth.permission", "pk": 29, "fields": {"content_type": 10, "codename": "change_form", "name": "Can change form"}}, {"model": "auth.permission", "pk": 30, "fields": {"content_type": 10, "codename": "delete_form", "name": "Can delete form"}}, {"model": "auth.permission", "pk": 31, "fields": {"content_type": 11, "codename": "add_version", "name": "Can add version"}}, {"model": "auth.permission", "pk": 32, "fields": {"content_type": 11, "codename": "change_version", "name": "Can change version"}}, {"model": "auth.permission", "pk": 33, "fields": {"content_type": 11, "codename": "delete_version", "name": "Can delete version"}}, {"model": "auth.permission", "pk": 34, "fields": {"content_type": 12, "codename": "add_formentry", "name": "Can add form entry"}}, {"model": "auth.permission", "pk": 35, "fields": {"content_type": 12, "codename": "change_formentry", "name": "Can change form entry"}}, {"model": "auth.permission", "pk": 36, "fields": {"content_type": 12, "codename": "delete_formentry", "name": "Can delete form entry"}}, {"model": "auth.permission", "pk": 37, "fields": {"content_type": 13, "codename": "add_fieldentry", "name": "Can add field entry"}}, {"model": "auth.permission", "pk": 38, "fields": {"content_type": 13, "codename": "change_fieldentry", "name": "Can change field entry"}}, {"model": "auth.permission", "pk": 39, "fields": {"content_type": 13, "codename": "delete_fieldentry", "name": "Can delete field entry"}}, {"model": "auth.permission", "pk": 40, "fields": {"content_type": 14, "codename": "add_fileentry", "name": "Can add file entry"}}, {"model": "auth.permission", "pk": 41, "fields": {"content_type": 14, "codename": "change_fileentry", "name": "Can change file entry"}}, {"model": "auth.permission", "pk": 42, "fields": {"content_type": 14, "codename": "delete_fileentry", "name": "Can delete file entry"}}, {"model": "auth.user", "pk": 1, "fields": {"is_active": true, "date_joined": "2015-05-22T14:54:07.694Z", "last_name": "", "password": "pbkdf2_sha256$20000$kP11UMPzIdD1$JYnfhi1/OFcCw+22oys9dSk6x4b+5/sjnFU37QgTHJI=", "groups": [], "last_login": "2015-05-22T17:57:10.356Z", "is_staff": true, "user_permissions": [], "is_superuser": true, "email": "pulpo@mail.com", "first_name": "", "username": "pulpo"}}, {"model": "pulpo_forms.form", "pk": 1, "fields": {"owner": 1, "slug": "model-field-example", "title": "Model field example"}}, {"model": "pulpo_forms.form", "pk": 3, "fields": {"owner": 1, "slug": "example-for-statistics", "title": "Example for statistics"}}]