[
{
  "pk": 1,
  "model": "auth.permission",
  "fields": {
    "codename": "add_logentry",
    "content_type": 1,
    "name": "Can add log entry"
  }
},
{
  "pk": 2,
  "model": "auth.permission",
  "fields": {
    "codename": "change_logentry",
    "content_type": 1,
    "name": "Can change log entry"
  }
},
{
  "pk": 3,
  "model": "auth.permission",
  "fields": {
    "codename": "delete_logentry",
    "content_type": 1,
    "name": "Can delete log entry"
  }
},
{
  "pk": 4,
  "model": "auth.permission",
  "fields": {
    "codename": "add_permission",
    "content_type": 2,
    "name": "Can add permission"
  }
},
{
  "pk": 5,
  "model": "auth.permission",
  "fields": {
    "codename": "change_permission",
    "content_type": 2,
    "name": "Can change permission"
  }
},
{
  "pk": 6,
  "model": "auth.permission",
  "fields": {
    "codename": "delete_permission",
    "content_type": 2,
    "name": "Can delete permission"
  }
},
{
  "pk": 7,
  "model": "auth.permission",
  "fields": {
    "codename": "add_group",
    "content_type": 3,
    "name": "Can add group"
  }
},
{
  "pk": 8,
  "model": "auth.permission",
  "fields": {
    "codename": "change_group",
    "content_type": 3,
    "name": "Can change group"
  }
},
{
  "pk": 9,
  "model": "auth.permission",
  "fields": {
    "codename": "delete_group",
    "content_type": 3,
    "name": "Can delete group"
  }
},
{
  "pk": 10,
  "model": "auth.permission",
  "fields": {
    "codename": "add_user",
    "content_type": 4,
    "name": "Can add user"
  }
},
{
  "pk": 11,
  "model": "auth.permission",
  "fields": {
    "codename": "change_user",
    "content_type": 4,
    "name": "Can change user"
  }
},
{
  "pk": 12,
  "model": "auth.permission",
  "fields": {
    "codename": "delete_user",
    "content_type": 4,
    "name": "Can delete user"
  }
},
{
  "pk": 13,
  "model": "auth.permission",
  "fields": {
    "codename": "add_contenttype",
    "content_type": 5,
    "name": "Can add content type"
  }
},
{
  "pk": 14,
  "model": "auth.permission",
  "fields": {
    "codename": "change_contenttype",
    "content_type": 5,
    "name": "Can change content type"
  }
},
{
  "pk": 15,
  "model": "auth.permission",
  "fields": {
    "codename": "delete_contenttype",
    "content_type": 5,
    "name": "Can delete content type"
  }
},
{
  "pk": 16,
  "model": "auth.permission",
  "fields": {
    "codename": "add_session",
    "content_type": 6,
    "name": "Can add session"
  }
},
{
  "pk": 17,
  "model": "auth.permission",
  "fields": {
    "codename": "change_session",
    "content_type": 6,
    "name": "Can change session"
  }
},
{
  "pk": 18,
  "model": "auth.permission",
  "fields": {
    "codename": "delete_session",
    "content_type": 6,
    "name": "Can delete session"
  }
},
{
  "pk": 19,
  "model": "auth.permission",
  "fields": {
    "codename": "add_pulpouser",
    "content_type": 7,
    "name": "Can add pulpo user"
  }
},
{
  "pk": 20,
  "model": "auth.permission",
  "fields": {
    "codename": "change_pulpouser",
    "content_type": 7,
    "name": "Can change pulpo user"
  }
},
{
  "pk": 21,
  "model": "auth.permission",
  "fields": {
    "codename": "delete_pulpouser",
    "content_type": 7,
    "name": "Can delete pulpo user"
  }
},
{
  "pk": 22,
  "model": "auth.permission",
  "fields": {
    "codename": "add_country",
    "content_type": 8,
    "name": "Can add country"
  }
},
{
  "pk": 23,
  "model": "auth.permission",
  "fields": {
    "codename": "change_country",
    "content_type": 8,
    "name": "Can change country"
  }
},
{
  "pk": 24,
  "model": "auth.permission",
  "fields": {
    "codename": "delete_country",
    "content_type": 8,
    "name": "Can delete country"
  }
},
{
  "pk": 25,
  "model": "auth.permission",
  "fields": {
    "codename": "add_club",
    "content_type": 9,
    "name": "Can add club"
  }
},
{
  "pk": 26,
  "model": "auth.permission",
  "fields": {
    "codename": "change_club",
    "content_type": 9,
    "name": "Can change club"
  }
},
{
  "pk": 27,
  "model": "auth.permission",
  "fields": {
    "codename": "delete_club",
    "content_type": 9,
    "name": "Can delete club"
  }
},
{
  "pk": 28,
  "model": "auth.permission",
  "fields": {
    "codename": "add_form",
    "content_type": 10,
    "name": "Can add form"
  }
},
{
  "pk": 29,
  "model": "auth.permission",
  "fields": {
    "codename": "change_form",
    "content_type": 10,
    "name": "Can change form"
  }
},
{
  "pk": 30,
  "model": "auth.permission",
  "fields": {
    "codename": "delete_form",
    "content_type": 10,
    "name": "Can delete form"
  }
},
{
  "pk": 31,
  "model": "auth.permission",
  "fields": {
    "codename": "add_version",
    "content_type": 11,
    "name": "Can add version"
  }
},
{
  "pk": 32,
  "model": "auth.permission",
  "fields": {
    "codename": "change_version",
    "content_type": 11,
    "name": "Can change version"
  }
},
{
  "pk": 33,
  "model": "auth.permission",
  "fields": {
    "codename": "delete_version",
    "content_type": 11,
    "name": "Can delete version"
  }
},
{
  "pk": 34,
  "model": "auth.permission",
  "fields": {
    "codename": "add_formentry",
    "content_type": 12,
    "name": "Can add form entry"
  }
},
{
  "pk": 35,
  "model": "auth.permission",
  "fields": {
    "codename": "change_formentry",
    "content_type": 12,
    "name": "Can change form entry"
  }
},
{
  "pk": 36,
  "model": "auth.permission",
  "fields": {
    "codename": "delete_formentry",
    "content_type": 12,
    "name": "Can delete form entry"
  }
},
{
  "pk": 37,
  "model": "auth.permission",
  "fields": {
    "codename": "add_fieldentry",
    "content_type": 13,
    "name": "Can add field entry"
  }
},
{
  "pk": 38,
  "model": "auth.permission",
  "fields": {
    "codename": "change_fieldentry",
    "content_type": 13,
    "name": "Can change field entry"
  }
},
{
  "pk": 39,
  "model": "auth.permission",
  "fields": {
    "codename": "delete_fieldentry",
    "content_type": 13,
    "name": "Can delete field entry"
  }
},
{
  "pk": 40,
  "model": "auth.permission",
  "fields": {
    "codename": "add_fileentry",
    "content_type": 14,
    "name": "Can add file entry"
  }
},
{
  "pk": 41,
  "model": "auth.permission",
  "fields": {
    "codename": "change_fileentry",
    "content_type": 14,
    "name": "Can change file entry"
  }
},
{
  "pk": 42,
  "model": "auth.permission",
  "fields": {
    "codename": "delete_fileentry",
    "content_type": 14,
    "name": "Can delete file entry"
  }
},
{
  "pk": 1,
  "model": "auth.user",
  "fields": {
    "groups": [],
    "last_name": "",
    "is_superuser": true,
    "last_login": "2015-05-22T17:57:10.356Z",
    "date_joined": "2015-05-22T14:54:07.694Z",
    "password": "pbkdf2_sha256$20000$kP11UMPzIdD1$JYnfhi1/OFcCw+22oys9dSk6x4b+5/sjnFU37QgTHJI=",
    "is_staff": true,
    "is_active": true,
    "first_name": "",
    "user_permissions": [],
    "username": "pulpo",
    "email": "pulpo@mail.com"
  }
},
{
  "pk": 3,
  "model": "pulpo_example.pulpouser",
  "fields": {
    "birthdate": "1998-05-28",
    "last_name": "Octopus",
    "has_car": false,
    "name": "Kaurna"
  }
},
{
  "pk": 4,
  "model": "pulpo_example.pulpouser",
  "fields": {
    "birthdate": "1988-02-27",
    "last_name": "Octopus",
    "has_car": false,
    "name": "Joubini"
  }
},
{
  "pk": 5,
  "model": "pulpo_example.pulpouser",
  "fields": {
    "birthdate": "1991-02-27",
    "last_name": "Octopus",
    "has_car": false,
    "name": "Mimus"
  }
},
{
  "pk": 6,
  "model": "pulpo_example.pulpouser",
  "fields": {
    "birthdate": "1995-11-14",
    "last_name": "Octopus",
    "has_car": false,
    "name": "Oliveri"
  }
},
{
  "pk": 7,
  "model": "pulpo_example.pulpouser",
  "fields": {
    "birthdate": "1985-08-25",
    "last_name": "Octopus",
    "has_car": true,
    "name": "Cyanea"
  }
},
{
  "pk": 1,
  "model": "pulpo_example.country",
  "fields": {
    "name": "Belarus"
  }
},
{
  "pk": 2,
  "model": "pulpo_example.country",
  "fields": {
    "name": "Belgium"
  }
},
{
  "pk": 3,
  "model": "pulpo_example.country",
  "fields": {
    "name": "Bulgaria"
  }
},
{
  "pk": 4,
  "model": "pulpo_example.country",
  "fields": {
    "name": "Cyprus"
  }
},
{
  "pk": 5,
  "model": "pulpo_example.country",
  "fields": {
    "name": "England"
  }
},
{
  "pk": 6,
  "model": "pulpo_example.country",
  "fields": {
    "name": "France"
  }
},
{
  "pk": 7,
  "model": "pulpo_example.country",
  "fields": {
    "name": "Germany"
  }
},
{
  "pk": 8,
  "model": "pulpo_example.country",
  "fields": {
    "name": "Greece"
  }
},
{
  "pk": 9,
  "model": "pulpo_example.country",
  "fields": {
    "name": "Italy"
  }
},
{
  "pk": 10,
  "model": "pulpo_example.country",
  "fields": {
    "name": "Netherlands"
  }
},
{
  "pk": 11,
  "model": "pulpo_example.country",
  "fields": {
    "name": "Portugal"
  }
},
{
  "pk": 12,
  "model": "pulpo_example.country",
  "fields": {
    "name": "Russia"
  }
},
{
  "pk": 13,
  "model": "pulpo_example.country",
  "fields": {
    "name": "Slovenia"
  }
},
{
  "pk": 14,
  "model": "pulpo_example.country",
  "fields": {
    "name": "Spain"
  }
},
{
  "pk": 15,
  "model": "pulpo_example.country",
  "fields": {
    "name": "Sweden"
  }
},
{
  "pk": 16,
  "model": "pulpo_example.country",
  "fields": {
    "name": "Switzerland"
  }
},
{
  "pk": 17,
  "model": "pulpo_example.country",
  "fields": {
    "name": "Turkey"
  }
},
{
  "pk": 18,
  "model": "pulpo_example.country",
  "fields": {
    "name": "Ukraine"
  }
},
{
  "pk": 1,
  "model": "pulpo_example.club",
  "fields": {
    "established": "1900-03-18",
    "country": 10,
    "name": "Ajax"
  }
},
{
  "pk": 2,
  "model": "pulpo_example.club",
  "fields": {
    "established": "1907-05-27",
    "country": 2,
    "name": "Anderlecht"
  }
},
{
  "pk": 3,
  "model": "pulpo_example.club",
  "fields": {
    "established": "1926-11-08",
    "country": 4,
    "name": "APOEL"
  }
},
{
  "pk": 4,
  "model": "pulpo_example.club",
  "fields": {
    "established": "1886-01-01",
    "country": 5,
    "name": "Arsenal"
  }
},
{
  "pk": 5,
  "model": "pulpo_example.club",
  "fields": {
    "established": "1898-01-01",
    "country": 14,
    "name": "Athletic Bilbao"
  }
},
{
  "pk": 6,
  "model": "pulpo_example.club",
  "fields": {
    "established": "1903-04-26",
    "country": 14,
    "name": "Atletico Madrid"
  }
},
{
  "pk": 7,
  "model": "pulpo_example.club",
  "fields": {
    "established": "1899-11-29",
    "country": 14,
    "name": "Barcelona"
  }
},
{
  "pk": 8,
  "model": "pulpo_example.club",
  "fields": {
    "established": "1893-11-15",
    "country": 16,
    "name": "Basel"
  }
},
{
  "pk": 9,
  "model": "pulpo_example.club",
  "fields": {
    "established": "1996-04-12",
    "country": 1,
    "name": "BATE Borisov"
  }
},
{
  "pk": 10,
  "model": "pulpo_example.club",
  "fields": {
    "established": "1904-07-01",
    "country": 7,
    "name": "Bayer Leverkusen"
  }
},
{
  "pk": 11,
  "model": "pulpo_example.club",
  "fields": {
    "established": "1904-02-27",
    "country": 7,
    "name": "Bayern Munich"
  }
},
{
  "pk": 12,
  "model": "pulpo_example.club",
  "fields": {
    "established": "1904-02-28",
    "country": 11,
    "name": "Benfica"
  }
},
{
  "pk": 13,
  "model": "pulpo_example.club",
  "fields": {
    "established": "1909-12-19",
    "country": 7,
    "name": "Borussia Dortmund"
  }
},
{
  "pk": 14,
  "model": "pulpo_example.club",
  "fields": {
    "established": "1905-03-10",
    "country": 5,
    "name": "Chelsea"
  }
},
{
  "pk": 15,
  "model": "pulpo_example.club",
  "fields": {
    "established": "1911-08-27",
    "country": 12,
    "name": "CSKA Moscow"
  }
},
{
  "pk": 16,
  "model": "pulpo_example.club",
  "fields": {
    "established": "1905-10-30",
    "country": 17,
    "name": "Galatasaray"
  }
},
{
  "pk": 17,
  "model": "pulpo_example.club",
  "fields": {
    "established": "1897-11-01",
    "country": 9,
    "name": "Juventus"
  }
},
{
  "pk": 18,
  "model": "pulpo_example.club",
  "fields": {
    "established": "1892-06-03",
    "country": 5,
    "name": "Liverpool"
  }
},
{
  "pk": 19,
  "model": "pulpo_example.club",
  "fields": {
    "established": "1945-05-17",
    "country": 3,
    "name": "Ludogorets Razgrad"
  }
},
{
  "pk": 20,
  "model": "pulpo_example.club",
  "fields": {
    "established": "1910-02-24",
    "country": 15,
    "name": "Malmo FF"
  }
},
{
  "pk": 21,
  "model": "pulpo_example.club",
  "fields": {
    "established": "1880-01-01",
    "country": 5,
    "name": "Manchester City"
  }
},
{
  "pk": 22,
  "model": "pulpo_example.club",
  "fields": {
    "established": "1960-12-12",
    "country": 13,
    "name": "Maribor"
  }
},
{
  "pk": 23,
  "model": "pulpo_example.club",
  "fields": {
    "established": "1924-08-01",
    "country": 6,
    "name": "Monaco"
  }
},
{
  "pk": 24,
  "model": "pulpo_example.club",
  "fields": {
    "established": "1925-03-10",
    "country": 8,
    "name": "Olympiacos"
  }
},
{
  "pk": 25,
  "model": "pulpo_example.club",
  "fields": {
    "established": "1970-08-12",
    "country": 6,
    "name": "Paris Saint-Germain"
  }
},
{
  "pk": 26,
  "model": "pulpo_example.club",
  "fields": {
    "established": "1893-09-28",
    "country": 11,
    "name": "Porto"
  }
},
{
  "pk": 27,
  "model": "pulpo_example.club",
  "fields": {
    "established": "1902-03-06",
    "country": 14,
    "name": "Real Madrid"
  }
},
{
  "pk": 28,
  "model": "pulpo_example.club",
  "fields": {
    "established": "1927-07-22",
    "country": 9,
    "name": "Roma"
  }
},
{
  "pk": 29,
  "model": "pulpo_example.club",
  "fields": {
    "established": "1904-05-04",
    "country": 7,
    "name": "Schalke 04"
  }
},
{
  "pk": 30,
  "model": "pulpo_example.club",
  "fields": {
    "established": "1936-05-24",
    "country": 18,
    "name": "Shakhtar Donetsk"
  }
},
{
  "pk": 31,
  "model": "pulpo_example.club",
  "fields": {
    "established": "1906-07-01",
    "country": 11,
    "name": "Sporting CP"
  }
},
{
  "pk": 32,
  "model": "pulpo_example.club",
  "fields": {
    "established": "1925-05-30",
    "country": 12,
    "name": "Zenit Saint Petersburg"
  }
},
{
  "pk": 1,
  "model": "pulpo_forms.form",
  "fields": {
    "title": "Model field example",
    "owner": 1,
    "slug": "model-field-example"
  }
},
{
  "pk": 3,
  "model": "pulpo_forms.form",
  "fields": {
    "title": "Example for statistics",
    "owner": 1,
    "slug": "example-for-statistics"
  }
},
{
  "pk": 1,
  "model": "pulpo_forms.version",
  "fields": {
    "form": 1,
    "publish_date": "2015-05-22T17:38:45.762Z",
    "json": "{\"pages\":[{\"fields\":[{\"field_id\":3,\"field_type\":\"NumberField\",\"text\":\"How old are you?\",\"answer\":[],\"validations\":{\"min_number\":10,\"max_number\":100},\"required\":true,\"tooltip\":\"\",\"dependencies\":{\"fields\":[],\"pages\":[]}},{\"field_id\":1,\"field_type\":\"PulpoUserField\",\"text\":\"What's your favorite octopus?\",\"answer\":[],\"validations\":{},\"required\":true,\"tooltip\":\"\",\"dependencies\":{\"fields\":[],\"pages\":[]},\"options\":[],\"max_id\":0},{\"field_id\":2,\"field_type\":\"ClubField\",\"text\":\"Who do you think will win this year's Champions League?\",\"answer\":[],\"validations\":{},\"required\":true,\"tooltip\":\"\",\"dependencies\":{\"fields\":[],\"pages\":[]},\"options\":[],\"max_id\":0}],\"subTitle\":\"Only page\"}],\"logic\":{\"fields\":{},\"pages\":{}},\"after_submit\":{\"sendMail\":false,\"mailSubject\":\"\",\"mailText\":\"\",\"mailSender\":\"\",\"mailRecipient\":\"\",\"action\":\"Show Message\",\"message\":\"Thank you. You successfully filled the form!\",\"redirect\":\"http://\"}}",
    "status": 1,
    "number": 1,
    "captcha": false,
    "expiry_date": null
  }
},
{
  "pk": 3,
  "model": "pulpo_forms.version",
  "fields": {
    "form": 3,
    "publish_date": "2015-05-22T17:59:10.794Z",
    "json": "{\"pages\":[{\"fields\":[{\"field_id\":1,\"field_type\":\"NumberField\",\"text\":\"How old are you?\",\"answer\":[],\"validations\":{\"min_number\":10,\"max_number\":100},\"required\":false,\"tooltip\":\"\",\"dependencies\":{\"fields\":[],\"pages\":[]}},{\"field_id\":2,\"field_type\":\"CheckboxField\",\"text\":\"Which colors do you like?\",\"answer\":[],\"validations\":{},\"required\":false,\"tooltip\":\"\",\"dependencies\":{\"fields\":[],\"pages\":[]},\"options\":[{\"label\":\"Red\",\"id\":1},{\"label\":\"Green\",\"id\":2},{\"label\":\"Blue\",\"id\":3},{\"label\":\"Yellow\",\"id\":4},{\"label\":\"Violet\",\"id\":5}],\"max_id\":5},{\"field_id\":3,\"field_type\":\"SelectField\",\"text\":\"Are you male or female?\",\"answer\":[],\"validations\":{},\"required\":false,\"tooltip\":\"\",\"dependencies\":{\"fields\":[],\"pages\":[]},\"options\":[{\"label\":\"Male\",\"id\":1},{\"label\":\"Female\",\"id\":2}],\"max_id\":2}],\"subTitle\":\"\"}],\"logic\":{\"fields\":{},\"pages\":{}},\"after_submit\":{\"sendMail\":false,\"mailSubject\":\"\",\"mailText\":\"\",\"mailSender\":\"\",\"mailRecipient\":\"\",\"action\":\"Show Message\",\"message\":\"Thank you. You successfully filled the form!\",\"redirect\":\"http://\"}}",
    "status": 1,
    "number": 1,
    "captcha": false,
    "expiry_date": null
  }
},
{
  "pk": 1,
  "model": "pulpo_forms.formentry",
  "fields": {
    "entry_time": "2015-05-22T17:51:56.717Z",
    "version": 1
  }
},
{
  "pk": 2,
  "model": "pulpo_forms.formentry",
  "fields": {
    "entry_time": "2015-05-22T17:59:22.344Z",
    "version": 3
  }
},
{
  "pk": 3,
  "model": "pulpo_forms.formentry",
  "fields": {
    "entry_time": "2015-05-22T17:59:41.046Z",
    "version": 3
  }
},
{
  "pk": 4,
  "model": "pulpo_forms.formentry",
  "fields": {
    "entry_time": "2015-05-22T17:59:50.792Z",
    "version": 3
  }
},
{
  "pk": 5,
  "model": "pulpo_forms.formentry",
  "fields": {
    "entry_time": "2015-05-22T18:00:07.414Z",
    "version": 3
  }
},
{
  "pk": 6,
  "model": "pulpo_forms.formentry",
  "fields": {
    "entry_time": "2015-05-22T18:00:59.895Z",
    "version": 3
  }
},
{
  "pk": 7,
  "model": "pulpo_forms.formentry",
  "fields": {
    "entry_time": "2015-05-22T18:01:18.134Z",
    "version": 3
  }
},
{
  "pk": 8,
  "model": "pulpo_forms.formentry",
  "fields": {
    "entry_time": "2015-05-22T18:01:25.607Z",
    "version": 3
  }
},
{
  "pk": 9,
  "model": "pulpo_forms.formentry",
  "fields": {
    "entry_time": "2015-05-22T18:01:57.290Z",
    "version": 3
  }
},
{
  "pk": 10,
  "model": "pulpo_forms.formentry",
  "fields": {
    "entry_time": "2015-05-22T18:02:10.537Z",
    "version": 3
  }
},
{
  "pk": 11,
  "model": "pulpo_forms.formentry",
  "fields": {
    "entry_time": "2015-05-22T18:03:12.001Z",
    "version": 3
  }
},
{
  "pk": 12,
  "model": "pulpo_forms.formentry",
  "fields": {
    "entry_time": "2015-05-22T18:03:18.287Z",
    "version": 3
  }
},
{
  "pk": 13,
  "model": "pulpo_forms.formentry",
  "fields": {
    "entry_time": "2015-05-22T18:41:18.819Z",
    "version": 1
  }
},
{
  "pk": 1,
  "model": "pulpo_forms.fieldentry",
  "fields": {
    "field_id": 3,
    "shown": true,
    "text": "How old are you?",
    "required": true,
    "field_type": "NumberField",
    "entry": 1,
    "answer": "23"
  }
},
{
  "pk": 2,
  "model": "pulpo_forms.fieldentry",
  "fields": {
    "field_id": 1,
    "shown": true,
    "text": "What's your favorite octopus?",
    "required": true,
    "field_type": "PulpoUserField",
    "entry": 1,
    "answer": "5"
  }
},
{
  "pk": 3,
  "model": "pulpo_forms.fieldentry",
  "fields": {
    "field_id": 2,
    "shown": true,
    "text": "Who do you think will win this year's Champions League?",
    "required": true,
    "field_type": "ClubField",
    "entry": 1,
    "answer": "11"
  }
},
{
  "pk": 4,
  "model": "pulpo_forms.fieldentry",
  "fields": {
    "field_id": 1,
    "shown": true,
    "text": "How old are you?",
    "required": false,
    "field_type": "NumberField",
    "entry": 2,
    "answer": "23"
  }
},
{
  "pk": 5,
  "model": "pulpo_forms.fieldentry",
  "fields": {
    "field_id": 2,
    "shown": true,
    "text": "Which colors do you like?",
    "required": false,
    "field_type": "CheckboxField",
    "entry": 2,
    "answer": "5#1#3"
  }
},
{
  "pk": 6,
  "model": "pulpo_forms.fieldentry",
  "fields": {
    "field_id": 3,
    "shown": true,
    "text": "Are you male or female?",
    "required": false,
    "field_type": "SelectField",
    "entry": 2,
    "answer": "2"
  }
},
{
  "pk": 7,
  "model": "pulpo_forms.fieldentry",
  "fields": {
    "field_id": 1,
    "shown": true,
    "text": "How old are you?",
    "required": false,
    "field_type": "NumberField",
    "entry": 3,
    "answer": "28"
  }
},
{
  "pk": 8,
  "model": "pulpo_forms.fieldentry",
  "fields": {
    "field_id": 2,
    "shown": true,
    "text": "Which colors do you like?",
    "required": false,
    "field_type": "CheckboxField",
    "entry": 3,
    "answer": "2#4"
  }
},
{
  "pk": 9,
  "model": "pulpo_forms.fieldentry",
  "fields": {
    "field_id": 3,
    "shown": true,
    "text": "Are you male or female?",
    "required": false,
    "field_type": "SelectField",
    "entry": 3,
    "answer": "1"
  }
},
{
  "pk": 10,
  "model": "pulpo_forms.fieldentry",
  "fields": {
    "field_id": 1,
    "shown": true,
    "text": "How old are you?",
    "required": false,
    "field_type": "NumberField",
    "entry": 4,
    "answer": "41"
  }
},
{
  "pk": 11,
  "model": "pulpo_forms.fieldentry",
  "fields": {
    "field_id": 2,
    "shown": true,
    "text": "Which colors do you like?",
    "required": false,
    "field_type": "CheckboxField",
    "entry": 4,
    "answer": "2"
  }
},
{
  "pk": 12,
  "model": "pulpo_forms.fieldentry",
  "fields": {
    "field_id": 3,
    "shown": true,
    "text": "Are you male or female?",
    "required": false,
    "field_type": "SelectField",
    "entry": 4,
    "answer": "2"
  }
},
{
  "pk": 13,
  "model": "pulpo_forms.fieldentry",
  "fields": {
    "field_id": 1,
    "shown": true,
    "text": "How old are you?",
    "required": false,
    "field_type": "NumberField",
    "entry": 5,
    "answer": "32"
  }
},
{
  "pk": 14,
  "model": "pulpo_forms.fieldentry",
  "fields": {
    "field_id": 2,
    "shown": true,
    "text": "Which colors do you like?",
    "required": false,
    "field_type": "CheckboxField",
    "entry": 5,
    "answer": "3#5"
  }
},
{
  "pk": 15,
  "model": "pulpo_forms.fieldentry",
  "fields": {
    "field_id": 3,
    "shown": true,
    "text": "Are you male or female?",
    "required": false,
    "field_type": "SelectField",
    "entry": 5,
    "answer": "1"
  }
},
{
  "pk": 16,
  "model": "pulpo_forms.fieldentry",
  "fields": {
    "field_id": 1,
    "shown": true,
    "text": "How old are you?",
    "required": false,
    "field_type": "NumberField",
    "entry": 6,
    "answer": "38"
  }
},
{
  "pk": 17,
  "model": "pulpo_forms.fieldentry",
  "fields": {
    "field_id": 2,
    "shown": true,
    "text": "Which colors do you like?",
    "required": false,
    "field_type": "CheckboxField",
    "entry": 6,
    "answer": "2#3"
  }
},
{
  "pk": 18,
  "model": "pulpo_forms.fieldentry",
  "fields": {
    "field_id": 3,
    "shown": true,
    "text": "Are you male or female?",
    "required": false,
    "field_type": "SelectField",
    "entry": 6,
    "answer": "1"
  }
},
{
  "pk": 19,
  "model": "pulpo_forms.fieldentry",
  "fields": {
    "field_id": 1,
    "shown": true,
    "text": "How old are you?",
    "required": false,
    "field_type": "NumberField",
    "entry": 7,
    "answer": "27"
  }
},
{
  "pk": 20,
  "model": "pulpo_forms.fieldentry",
  "fields": {
    "field_id": 2,
    "shown": true,
    "text": "Which colors do you like?",
    "required": false,
    "field_type": "CheckboxField",
    "entry": 7,
    "answer": "5#3#1"
  }
},
{
  "pk": 21,
  "model": "pulpo_forms.fieldentry",
  "fields": {
    "field_id": 3,
    "shown": true,
    "text": "Are you male or female?",
    "required": false,
    "field_type": "SelectField",
    "entry": 7,
    "answer": "2"
  }
},
{
  "pk": 22,
  "model": "pulpo_forms.fieldentry",
  "fields": {
    "field_id": 1,
    "shown": true,
    "text": "How old are you?",
    "required": false,
    "field_type": "NumberField",
    "entry": 8,
    "answer": "52"
  }
},
{
  "pk": 23,
  "model": "pulpo_forms.fieldentry",
  "fields": {
    "field_id": 2,
    "shown": true,
    "text": "Which colors do you like?",
    "required": false,
    "field_type": "CheckboxField",
    "entry": 8,
    "answer": "2#1"
  }
},
{
  "pk": 24,
  "model": "pulpo_forms.fieldentry",
  "fields": {
    "field_id": 3,
    "shown": true,
    "text": "Are you male or female?",
    "required": false,
    "field_type": "SelectField",
    "entry": 8,
    "answer": "1"
  }
},
{
  "pk": 25,
  "model": "pulpo_forms.fieldentry",
  "fields": {
    "field_id": 1,
    "shown": true,
    "text": "How old are you?",
    "required": false,
    "field_type": "NumberField",
    "entry": 9,
    "answer": "18"
  }
},
{
  "pk": 26,
  "model": "pulpo_forms.fieldentry",
  "fields": {
    "field_id": 2,
    "shown": true,
    "text": "Which colors do you like?",
    "required": false,
    "field_type": "CheckboxField",
    "entry": 9,
    "answer": "3"
  }
},
{
  "pk": 27,
  "model": "pulpo_forms.fieldentry",
  "fields": {
    "field_id": 3,
    "shown": true,
    "text": "Are you male or female?",
    "required": false,
    "field_type": "SelectField",
    "entry": 9,
    "answer": "1"
  }
},
{
  "pk": 28,
  "model": "pulpo_forms.fieldentry",
  "fields": {
    "field_id": 1,
    "shown": true,
    "text": "How old are you?",
    "required": false,
    "field_type": "NumberField",
    "entry": 10,
    "answer": "39"
  }
},
{
  "pk": 29,
  "model": "pulpo_forms.fieldentry",
  "fields": {
    "field_id": 2,
    "shown": true,
    "text": "Which colors do you like?",
    "required": false,
    "field_type": "CheckboxField",
    "entry": 10,
    "answer": "2#1#5"
  }
},
{
  "pk": 30,
  "model": "pulpo_forms.fieldentry",
  "fields": {
    "field_id": 3,
    "shown": true,
    "text": "Are you male or female?",
    "required": false,
    "field_type": "SelectField",
    "entry": 10,
    "answer": "1"
  }
},
{
  "pk": 31,
  "model": "pulpo_forms.fieldentry",
  "fields": {
    "field_id": 1,
    "shown": true,
    "text": "How old are you?",
    "required": false,
    "field_type": "NumberField",
    "entry": 11,
    "answer": "46"
  }
},
{
  "pk": 32,
  "model": "pulpo_forms.fieldentry",
  "fields": {
    "field_id": 2,
    "shown": true,
    "text": "Which colors do you like?",
    "required": false,
    "field_type": "CheckboxField",
    "entry": 11,
    "answer": "5"
  }
},
{
  "pk": 33,
  "model": "pulpo_forms.fieldentry",
  "fields": {
    "field_id": 3,
    "shown": true,
    "text": "Are you male or female?",
    "required": false,
    "field_type": "SelectField",
    "entry": 11,
    "answer": "2"
  }
},
{
  "pk": 34,
  "model": "pulpo_forms.fieldentry",
  "fields": {
    "field_id": 1,
    "shown": true,
    "text": "How old are you?",
    "required": false,
    "field_type": "NumberField",
    "entry": 12,
    "answer": "50"
  }
},
{
  "pk": 35,
  "model": "pulpo_forms.fieldentry",
  "fields": {
    "field_id": 2,
    "shown": true,
    "text": "Which colors do you like?",
    "required": false,
    "field_type": "CheckboxField",
    "entry": 12,
    "answer": "2"
  }
},
{
  "pk": 36,
  "model": "pulpo_forms.fieldentry",
  "fields": {
    "field_id": 3,
    "shown": true,
    "text": "Are you male or female?",
    "required": false,
    "field_type": "SelectField",
    "entry": 12,
    "answer": "1"
  }
},
{
  "pk": 37,
  "model": "pulpo_forms.fieldentry",
  "fields": {
    "field_id": 3,
    "shown": true,
    "text": "How old are you?",
    "required": true,
    "field_type": "NumberField",
    "entry": 13,
    "answer": "24"
  }
},
{
  "pk": 38,
  "model": "pulpo_forms.fieldentry",
  "fields": {
    "field_id": 1,
    "shown": true,
    "text": "What's your favorite octopus?",
    "required": true,
    "field_type": "PulpoUserField",
    "entry": 13,
    "answer": "3"
  }
},
{
  "pk": 39,
  "model": "pulpo_forms.fieldentry",
  "fields": {
    "field_id": 2,
    "shown": true,
    "text": "Who do you think will win this year's Champions League?",
    "required": true,
    "field_type": "ClubField",
    "entry": 13,
    "answer": "6"
  }
}
]
